,username
405,abdul.rowland
309,addie.cherry
372,adele.moreno
517,adeline.bush
279,adolfo.kane
337,adolfo.lara
16,ahmad.hopper
122,aida.combs
700,aisha.jenkins
199,al.dunlap
147,alana.franco
593,alberta.leblanc
521,alec.robbins
671,alejandra.stephenson
434,alejandro.burke
482,alejandro.nieves
205,alexander.thomas
400,alexandria.hinton
453,alexis.mccullough
93,alexis.reynolds
568,alfonso.weaver
151,alfonzo.johns
611,alisa.campbell
342,alisa.cohen
567,alison.neal
190,allan.marshall
142,alonzo.fowler
652,amado.bridges
88,amado.fitzgerald
592,amber.summers
412,amber.vega
442,amelia.frost
607,amie.blanchard
564,amos.maldonado
704,amparo.evans
562,anastasia.fry
150,anderson.black
82,anderson.dillard
179,andre.serrano
553,andrea.berg
411,andrea.day
48,andy.cruz
716,angel.jefferson
163,angelina.gaines
575,angelita.white
155,angelita.york
288,anibal.rivas
503,anna.pugh
281,annette.maynard
236,annette.terrell
104,antoine.johnson
664,anton.pruitt
626,antonia.stephenson
726,araceli.wilder
140,ariel.mendez
541,armand.martinez
126,art.velez
389,ashley.house
500,ashley.shaw
647,aurelia.blair
367,aurelia.langley
420,autumn.alford
437,barbra.puckett
569,beatrice.hall
156,beatrice.sparks
197,beatriz.ward
293,beau.armstrong
714,becky.hickman
285,benita.schneider
648,benito.le
634,bernadine.whitfield
654,bernardo.fernandez
192,berry.mcneil
645,bertie.yang
284,betsy.oneal
491,billie.fowler
631,blake.harrell
563,bobbie.rollins
118,bonita.ingram
446,bonita.morin
267,brain.webster
303,brandi.brooks
128,brandon.francis
2,brant.zimmerman
86,brenda.blevins
532,brenda.crawford
184,brendan.barron
669,brent.hebert
103,brittany.mosley
489,brooke.ferrell
701,bruno.acosta
693,bryan.fisher
397,bryant.briggs
536,bryon.pratt
473,burl.parrish
558,burl.perkins
510,byron.cooley
702,byron.dominguez
551,byron.jacobs
45,caleb.powers
164,candice.bolton
296,carl.morton
599,carlene.young
658,carlo.dunlap
713,carmela.clayton
416,carmelo.byers
27,carmelo.sherman
282,carol.campos
651,carroll.whitfield
472,cary.schneider
497,cathryn.roberts
182,celeste.cox
502,chadwick.day
306,charles.ayala
386,charles.morris
537,charley.fuller
348,charley.key
370,chase.garza
159,chase.trujillo
274,chasity.whitfield
509,cheri.ryan
595,chris.sanford
615,christa.adkins
712,christa.morrison
365,christie.watson
51,christine.mcconnell
213,christoper.clark
613,christy.hensley
70,christy.lindsey
735,chrystal.burns
618,clair.richmond
474,claire.jefferson
59,clara.ward
413,clarence.britt
639,clarissa.powers
352,clayton.holloway
578,cleo.durham
508,clifford.steele
351,clifton.norton
529,clinton.marsh
46,collin.dixon
242,concepcion.case
451,consuelo.gibbs
229,cornelia.greer
193,cornelius.rutledge
449,courtney.conner
630,crystal.adams
325,cynthia.browning
276,daisy.gill
643,daisy.lopez
680,daisy.washington
619,damian.savage
12,dannie.gaines
95,dannie.mcguire
346,dannie.olsen
561,daren.guthrie
530,daren.strong
587,darius.alvarez
174,darius.norton
112,darla.wall
278,dean.carter
124,deanna.giles
459,dee.mccoy
39,deidre.brooks
220,della.landry
574,della.petty
180,delmer.lynn
717,deloris.dixon
501,dena.pollard
87,denis.stone
581,denny.harrell
145,derick.day
92,devon.burgess
195,devon.harrington
415,devon.holman
329,dewayne.drake
60,dewey.bonner
402,diann.nicholson
7,dianna.munoz
44,diego.elliott
475,dirk.frazier
66,dixie.noble
625,dolly.bonner
42,dolores.terry
3,domingo.dyer
524,dominique.cherry
390,dominique.joyner
246,donna.calhoun
410,donna.mcmahon
275,donnie.hodges
30,dorian.caldwell
684,doris.higgins
641,dorothea.klein
181,doug.dickerson
688,doyle.hess
557,drew.johns
201,drew.roach
686,duane.cooley
183,dudley.koch
203,dwayne.benton
439,dwayne.hurst
552,earlene.cooper
401,earline.obrien
266,ebony.donaldson
259,edgar.odom
538,edmund.dunn
121,edward.bryan
672,edward.lynch
305,edwardo.goff
295,efrain.long
676,elba.morton
248,elias.holland
514,elias.short
644,elise.newman
62,elizabeth.potter
134,elma.campos
723,elmer.mccormick
668,eloise.chapman
41,eloise.newman
448,emerson.caldwell
465,emily.wise
238,emma.douglas
377,enrique.mendoza
233,eric.buckner
67,erick.miles
194,erma.warren
591,erna.horton
13,ervin.dyer
678,esmeralda.irwin
111,estella.david
214,estella.ortega
478,estelle.sexton
379,esther.lang
289,eugene.mckenzie
308,eugenio.bray
407,evangelina.barton
187,eve.gamble
461,eve.oconnor
673,everett.hale
600,ezra.aguilar
657,faye.johns
138,felicia.joyce
382,fletcher.dillon
598,florence.jimenez
31,florine.gibson
176,flossie.klein
334,foster.james
689,francine.buckner
398,francisca.hill
110,francisco.logan
332,frank.bean
120,frankie.allen
396,frankie.head
637,franklin.jordan
601,fredrick.stafford
720,freeman.rose
531,freida.brown
498,freida.greene
202,gabriela.fisher
224,gabrielle.reid
294,gale.barron
258,gale.burnett
330,garland.perkins
492,garth.turner
219,gena.osborn
722,genaro.russo
54,geoffrey.kidd
300,gerardo.mcmahon
119,gilbert.sykes
511,giovanni.beard
456,glen.guerra
570,glen.rivers
490,glenn.deleon
185,glenn.mcdonald
328,glenna.tanner
321,gloria.davis
455,goldie.puckett
207,greg.schultz
237,gregory.houston
71,greta.english
610,gus.macdonald
432,gus.padilla
154,gustavo.kirkland
635,gwendolyn.spears
375,gwendolyn.tate
152,hallie.melendez
345,harley.campos
364,harley.martin
349,harriett.herring
633,harrison.cooley
129,harry.collier
141,heather.francis
350,helene.cortez
311,henry.kelley
358,heriberto.hatfield
47,herman.shepherd
211,herschel.fernandez
513,herschel.graves
659,hester.collins
35,hiram.frost
175,homer.emerson
522,hope.hayden
100,horace.guerra
212,horace.sherman
734,houston.garcia
222,howard.estrada
380,imogene.oneil
32,ira.cortez
157,irene.jarvis
494,iris.chandler
572,iris.morton
417,irma.vasquez
731,irvin.martinez
335,irving.franks
132,jackie.ayala
724,jackie.burris
40,jacob.boone
244,jacob.chaney
340,jacqueline.adams
695,jacqueline.jennings
431,jacquelyn.brady
661,jaime.fulton
544,jamal.fry
462,jamel.good
84,jamie.goodman
690,jan.silva
287,janet.kirk
469,janette.rodriquez
662,janie.acosta
113,jannie.solomon
436,jarred.white
14,jarrett.marsh
206,jasmine.meadows
166,jasper.andrews
223,jeannie.brewer
148,jenifer.beck
675,jenna.vaughan
506,jennifer.hewitt
624,jennifer.sanders
428,jenny.woodard
323,jerald.melendez
554,jerome.mcfadden
403,jerrold.rodriquez
239,jerrold.summers
91,jerry.cash
542,jewel.dennis
663,jimmy.wade
75,joann.atkinson
430,joaquin.walters
273,jocelyn.gonzalez
629,jodie.velazquez
89,jody.petty
718,joey.poole
638,johanna.melton
447,john.battle
270,john.murray
347,johnnie.lester
322,johnnie.sweet
333,jolene.henry
188,jolene.reid
650,jonah.atkins
343,jonas.bowen
96,josephine.burton
336,joshua.blair
218,juan.doyle
623,juanita.swanson
667,judson.emerson
8,julia.savage
418,julian.gross
399,julie.lloyd
464,juliette.rios
69,junior.hewitt
292,kareem.hogan
301,kareem.trevino
427,karina.morton
158,kathrine.carpenter
703,katie.gonzalez
560,katie.gross
496,kelley.barrett
125,kenneth.kennedy
706,kenny.franco
548,kerry.klein
445,kieth.barron
458,kimberly.lawson
535,kirk.english
556,kris.hatfield
83,kristi.jordan
19,kristopher.jimenez
583,kyle.colon
241,lacey.perry
339,lakeisha.frazier
250,landon.lloyd
253,lane.mccarty
56,lara.bright
640,lara.chavez
269,latisha.nicholson
209,latonya.briggs
153,laurel.strickland
139,lauri.huffman
23,lavern.grimes
338,lavonne.dunlap
131,lavonne.pacheco
227,lea.sharp
290,leah.perry
424,leanna.abbott
408,lee.hendricks
116,lee.roman
234,leland.morrison
24,lena.mckay
391,leola.waller
580,leonor.padilla
649,leroy.montoya
221,les.cote
178,lesa.battle
518,leslie.finley
527,leslie.foreman
251,lester.william
376,lilian.gordon
106,liliana.robertson
617,lilly.lee
312,lindsey.knowles
235,lindsey.pitts
64,linwood.marshall
546,liz.langley
602,liz.mcbride
215,lizzie.lawrence
577,lloyd.jacobs
17,lonnie.oneal
421,lora.quinn
454,loren.crosby
9,loretta.bass
479,loretta.dickson
470,lorie.mccoy
549,lorna.walton
307,louella.bolton
216,louis.mcbride
539,lucien.valdez
360,lucille.barker
419,lucille.stark
697,lucinda.wiley
677,lucio.shields
254,luisa.riley
204,lula.sherman
467,luther.sweet
603,lynn.cross
355,lynne.knowles
526,mable.delgado
361,mable.nixon
341,mac.franco
72,maggie.bishop
385,maggie.contreras
450,maggie.willis
483,mai.odom
362,mai.valdez
68,major.daniels
616,malinda.avila
374,malinda.bright
425,mamie.fox
50,mandy.mosley
115,manuel.santos
393,marcelino.mcmahon
682,marcia.pitts
217,marcie.campbell
698,marcie.frost
366,margaret.garrison
61,margarito.gates
495,margie.zimmerman
534,margret.hogan
34,marguerite.hunter
543,mariano.alston
230,maribel.rich
612,marisol.porter
76,maritza.williams
177,marjorie.haynes
636,mark.bond
622,marla.jimenez
481,marlene.faulkner
256,marlin.alford
406,marlin.fleming
585,martha.pennington
679,martin.foley
4,martin.pacheco
694,maryanne.moran
314,mason.hutchinson
368,mathew.cummings
605,mathew.wiley
507,matt.snow
265,mattie.burris
363,maureen.gross
565,maureen.patton
310,maureen.roth
589,maurice.gay
505,maxwell.macias
383,meagan.stone
262,melanie.jordan
486,melody.chase
255,merlin.vance
109,mia.allen
107,michele.ward
627,miguel.moody
387,mike.baxter
73,mildred.hammond
344,miles.gates
727,milford.hubbard
559,millard.curry
171,millard.justice
191,millicent.holcomb
670,mindy.clarke
468,minnie.bruce
409,mitch.ferguson
0,mitchel.perkins
477,mohammad.kerr
25,mona.frederick
721,monica.flores
243,monique.hodges
388,monty.golden
632,morgan.kirkland
435,morris.price
655,morton.pearson
200,muriel.potts
261,myrna.fleming
146,myron.hawkins
37,nanette.humphrey
357,napoleon.gonzalez
36,natalia.mejia
666,nathan.dillard
29,nathaniel.dotson
426,nathaniel.robinson
101,ned.santana
53,ned.stein
711,neil.phillips
240,neva.conway
460,newton.hooper
608,nicholas.watts
65,nicole.brooks
540,nicole.leach
317,noelle.tucker
423,noreen.hale
99,norma.barnes
691,norma.koch
271,norman.riggs
283,normand.mckinney
320,norris.morales
79,norris.small
299,numbers.cline
1,odessa.vaughan
297,ollie.dunlap
683,omar.carver
476,ora.stuart
566,orlando.summers
369,oscar.winters
628,paige.monroe
685,pat.warren
646,patrica.sampson
252,patrice.burgess
302,patsy.jennings
55,patti.dixon
208,patty.marks
488,patty.riggs
169,paula.cotton
597,paula.gonzales
606,pedro.wolfe
656,penny.conway
196,petra.abbott
21,petra.wiggins
298,phyllis.wells
681,porfirio.hooper
487,queen.monroe
247,quincy.hart
466,ramona.ryan
327,randell.burgess
573,raphael.sykes
550,raul.morton
149,raymond.woodard
729,raymundo.haley
614,regina.guthrie
384,regina.levy
117,reginald.randall
38,rene.nixon
444,reuben.higgins
480,reuben.wells
660,reyes.levine
80,reyna.holloway
144,reyna.tran
582,rhoda.mayo
291,rick.mcclure
715,rico.valentine
674,rigoberto.cleveland
463,rob.hopper
584,rob.rush
58,robby.reese
520,robby.schmidt
316,robert.cooley
315,rocco.kirkland
313,roderick.riddle
523,rodney.gilbert
167,rodolfo.william
719,rogelio.payne
11,roger.golden
28,roland.mcgee
57,roland.whitaker
136,rolland.wagner
609,roman.tanner
33,romeo.gibson
728,ronald.brooks
135,rory.parsons
137,rosalie.middleton
90,rosalind.kelley
441,rosalinda.rodriquez
263,rosario.bernard
519,rosario.larsen
438,rosario.merrill
6,rosella.barrett
78,roslyn.bartlett
371,ross.sutton
414,royce.combs
160,ruben.huff
404,russ.morales
590,russel.mcclain
429,sabrina.suarez
433,salvador.osborn
77,sammie.montgomery
272,sanford.holman
114,santiago.mcmillan
696,sarah.wiggins
186,saul.meyers
452,saundra.king
286,savannah.leonard
504,scot.golden
547,scotty.shannon
732,sean.leon
130,sebastian.jackson
245,serena.price
326,sergio.puckett
705,seymour.randolph
588,shana.tyler
545,shane.rivera
443,shane.watkins
356,shari.bruce
594,sharon.hodges
74,sharron.bryant
642,sharron.pittman
422,shawn.harrington
15,shawn.morse
354,sheila.brown
692,shelby.bond
5,shelby.massey
257,shelby.peck
198,sherrie.norman
653,sheryl.wynn
143,sidney.walker
304,silvia.duke
123,silvia.franco
730,simon.miranda
525,solomon.baldwin
331,sondra.lowe
165,staci.castaneda
98,staci.pugh
353,stacy.hess
226,stan.lamb
94,stanley.workman
576,stefan.irwin
127,stefan.shaffer
63,stefan.wheeler
708,stella.hicks
324,steve.brady
579,susan.houston
687,susie.vega
699,suzanne.gallegos
162,suzanne.nash
268,suzette.hatfield
493,sylvester.owens
485,tabatha.boyle
516,tabatha.mckay
189,tabitha.ashley
228,tammie.ayers
440,tammie.hanson
231,tania.norman
620,tania.ochoa
710,tanisha.ortega
97,tanya.brown
484,tara.mckenzie
10,taylor.kramer
733,ted.horne
604,teresa.bentley
528,terra.hogan
318,terrence.nieves
173,terry.hayes
18,thelma.small
225,theresa.sweet
665,thurman.osborne
395,tiffany.sanders
105,tod.hyde
707,todd.soto
471,tom.gallegos
26,tomas.gallegos
85,tommie.ferrell
52,tonia.patton
359,tracie.wilcox
210,trenton.boyle
102,tricia.frost
81,trinidad.austin
457,trinidad.rodriquez
22,trudy.le
161,twila.fuller
555,ulysses.patterson
20,ursula.wood
280,valentin.castillo
596,valeria.curry
725,vance.jennings
319,vanessa.davis
586,verna.white
499,vicente.hopper
392,victor.bryan
260,vilma.hart
512,vincent.contreras
533,viola.foster
170,violet.horn
394,virgie.atkins
277,walter.blackwell
381,walter.conner
108,walter.hughes
43,wilburn.shepherd
621,wilford.kaufman
133,wilfredo.keller
709,willard.williamson
515,williams.mcfarland
378,williams.rios
249,willis.cervantes
571,wyatt.finley
168,young.booth
373,yvette.whitfield
232,yvonne.munoz
264,zachary.huff
172,zelma.abbott
49,zelma.rosario
